id,idade,estado,cidade,bairro,sexo,estilo_musical,bebida_alcoolica,tem_filhos,ja_foi_casado,atividade_fisica,idade_minima_parceiro,idade_maxima_parceiro,parceiro_pode_ter_filhos,parceiro_pode_beber,parceiro_pode_ser_casado,frase_identificacao,data_cadastro
10,23,GO,Goiânia,Tremendão ,Feminino,Rock,Não Bebo,Não,Sim,Diariamente,27,35,Sim,Tanto Faz,Tanto Faz,Equilíbrio material/espiritual,2025-03-31 22:50:46
45,19,GO,Trindade,Luzia Monteiro ,Feminino,Sertanejo,Bebo Socialmente,Não,Não,3x por semana,20,25,Não,Não,Sim,Experiências e viagens,2025-03-31 23:44:21
57,25,GO,Goiânia,Jardim mariliza ,Feminino,Rock,Não Bebo,Sim,Sim,Diariamente,27,35,Tanto Faz,Tanto Faz,Não,Vida simples com família,2025-03-31 23:51:19
73,24,GO,Padre Bernardo,T,Feminino,Sertanejo,Nos Finais de Semana,Sim,Sim,Diariamente,25,50,Tanto Faz,Tanto Faz,Tanto Faz,Vida glamourosa,2025-04-01 00:16:49
76,33,GO,Formosa,Centro,Feminino,Sertanejo,Nos Finais de Semana,Sim,Não,3x por semana,25,45,Tanto Faz,Tanto Faz,Tanto Faz,Vida simples com família,2025-04-01 00:18:55
93,34,GO,Goiânia,Bueno,Feminino,Sertanejo,Não Bebo,Não,Sim,3x por semana,28,40,Sim,Tanto Faz,Não,Vida simples com família,2025-04-01 00:41:47
97,27,GO,Anápolis,Jundiaí ,Feminino,Pop,Não Bebo,Não,Não,Não gosto,27,37,Sim,Tanto Faz,Sim,Equilíbrio material/espiritual,2025-04-01 00:45:26
98,35,GO,Goiânia,Parque Amazônia ,Feminino,Pagode,Bebo Socialmente,Sim,Sim,Diariamente,30,42,Não,Não,Não,Experiências e viagens,2025-04-01 00:45:38
102,26,GO,Goiânia,Jardim Balneário ,Feminino,Sertanejo,Bebo Socialmente,Não,Não,Diariamente,28,38,Sim,Não,Não,Vida simples com família,2025-04-01 00:51:18
106,33,GO,Goiânia,Negrão de Lima ,Feminino,MPB,Não Bebo,Sim,Sim,Diariamente,33,45,Não,Tanto Faz,Tanto Faz,Vida simples com família,2025-04-01 00:53:10
112,47,GO,Goiânia,Jardim Goiás ,Feminino,Rock,Não Bebo,Sim,Sim,3x por semana,40,57,Tanto Faz,Tanto Faz,Tanto Faz,Equilíbrio material/espiritual,2025-04-01 00:58:32
113,33,GO,Goiânia,JD. América,Feminino,Rock,Bebo Socialmente,Não,Não,Diariamente,25,53,Tanto Faz,Tanto Faz,Tanto Faz,Riqueza espiritual,2025-04-01 00:59:04
117,35,GO,Goiânia,Jardim Atlântico ,Feminino,Rock,Nos Finais de Semana,Sim,Não,Diariamente,29,42,Tanto Faz,Tanto Faz,Tanto Faz,Experiências e viagens,2025-04-01 01:01:43
119,56,GO,Goiânia,Parque Amazonas ,Feminino,Rock,Não Bebo,Sim,Sim,3x por semana,18,56,Não,Não,Não,Equilíbrio material/espiritual,2025-04-01 01:03:10
120,38,GO,Goiânia,Parque Atheneu ,Feminino,Pagode,Bebo Socialmente,Não,Sim,1x por semana,30,47,Tanto Faz,Não,Não,Vida simples com família,2025-04-01 01:03:29
123,37,GO,Goiânia,Oeste ,Feminino,MPB,Não Bebo,Não,Não,Diariamente,33,50,Não,Tanto Faz,Tanto Faz,Equilíbrio material/espiritual,2025-04-01 01:04:08
126,28,GO,Goiânia,Jardim,Feminino,MPB,Bebo Socialmente,Não,Não,Diariamente,25,50,Não,Não,Não,Equilíbrio material/espiritual,2025-04-01 01:08:43
127,61,GO,Goiânia,Alto da Glória ,Feminino,Rock,Bebo Socialmente,Sim,Sim,Diariamente,59,60,Não,Não,Não,Vida simples com família,2025-04-01 01:09:33
129,45,GO,Alexânia,Centro ,Feminino,Pop,Não Bebo,Sim,Sim,3x por semana,37,56,Não,Tanto Faz,Não,Equilíbrio material/espiritual,2025-04-01 01:13:13
130,30,GO,Goiânia,Setor Pedro Ludovico ,Feminino,Pop,Bebo Socialmente,Não,Sim,Diariamente,25,45,Não,Não,Não,Riqueza espiritual,2025-04-01 01:13:37
131,38,GO,Goiânia,Jardim presidente ,Feminino,Pagode,Nos Finais de Semana,Sim,Sim,Diariamente,30,55,Não,Não,Não,Riqueza espiritual,2025-04-01 01:15:40
132,44,GO,Mineiros,Residencial Versailles ,Feminino,Rock,Bebo Socialmente,Sim,Sim,3x por semana,35,47,Tanto Faz,Tanto Faz,Tanto Faz,Experiências e viagens,2025-04-01 01:17:34
133,37,GO,Goiânia,Pq amazônia ,Feminino,Pop,Não Bebo,Sim,Sim,Diariamente,30,45,Tanto Faz,Tanto Faz,Não,Equilíbrio material/espiritual,2025-04-01 01:17:46
134,37,GO,Goiânia,St Universitário ,Feminino,Sertanejo,Nos Finais de Semana,Não,Sim,1x por semana,34,50,Tanto Faz,Tanto Faz,Tanto Faz,Equilíbrio material/espiritual,2025-04-01 01:19:58
135,40,GO,Goiânia,Negrão de Lima ,Feminino,Sertanejo,Não Bebo,Sim,Sim,3x por semana,38,50,Não,Não,Não,Riqueza espiritual,2025-04-01 01:20:07
137,30,GO,Goiânia,Centro,Feminino,Rock,Não Bebo,Não,Sim,Diariamente,29,39,Tanto Faz,Tanto Faz,Não,Vida simples com família,2025-04-01 01:21:23
141,30,GO,Goiânia,Aeroporto ,Feminino,Rock,Bebo Socialmente,Não,Não,3x por semana,29,40,Não,Tanto Faz,Tanto Faz,Vida simples com família,2025-04-01 01:22:58
142,45,GO,Goiânia,Condomínio Anhanguera ,Feminino,Sertanejo,Nos Finais de Semana,Sim,Sim,Diariamente,20,52,Não,Não,Não,Vida simples com família,2025-04-01 01:25:29
143,37,GO,Goiânia,Maria Dilce,Feminino,Pagode,Não Bebo,Não,Sim,3x por semana,30,45,Tanto Faz,Não,Não,Vida simples com família,2025-04-01 01:27:23
145,42,GO,Goiânia,Feliz,Feminino,Rock,Não Bebo,Sim,Sim,Diariamente,35,50,Sim,Sim,Sim,Vida simples com família,2025-04-01 01:30:34
146,25,GO,Goiânia,Coimbra,Feminino,Sertanejo,Bebo Socialmente,Não,Não,1x por semana,25,35,Tanto Faz,Não,Tanto Faz,Vida glamourosa,2025-04-01 01:34:50
147,50,GO,Goiânia,ST OESTE ,Feminino,Rock,Não Bebo,Sim,Sim,Diariamente,43,55,Não,Tanto Faz,Não,Equilíbrio material/espiritual,2025-04-01 01:37:13
149,41,GO,Ipameri,Jardim Europa ,Feminino,MPB,Bebo Socialmente,Sim,Sim,3x por semana,37,47,Não,Não,Não,Experiências e viagens,2025-04-01 01:38:18
151,46,GO,Goiânia,Recanto das minas gerais ,Feminino,MPB,Bebo Socialmente,Sim,Sim,Diariamente,36,56,Não,Tanto Faz,Tanto Faz,Experiências e viagens,2025-04-01 01:39:36
152,44,GO,Goiânia,Bueno,Feminino,Sertanejo,Nos Finais de Semana,Sim,Sim,3x por semana,45,52,Não,Não,Não,Equilíbrio material/espiritual,2025-04-01 01:40:00
153,52,GO,Goiatuba,Setor oeste ,Feminino,Sertanejo,Bebo Socialmente,Sim,Sim,3x por semana,45,60,Não,Não,Não,Riqueza espiritual,2025-04-01 01:41:00
154,27,GO,Goiânia,Residencial João Paulo II ,Feminino,Rock,Não Bebo,Não,Sim,Não gosto,24,45,Sim,Sim,Não,Equilíbrio material/espiritual,2025-04-01 01:44:26
157,44,GO,Goiânia,Universitário ,Feminino,Rock,Bebo Socialmente,Não,Sim,Diariamente,39,53,Tanto Faz,Tanto Faz,Tanto Faz,Equilíbrio material/espiritual,2025-04-01 01:50:22
158,32,GO,Goiânia,Conjunto Vera Cruz 2,Feminino,Sertanejo,Bebo Socialmente,Não,Não,Diariamente,18,43,Tanto Faz,Tanto Faz,Tanto Faz,Vida simples com família,2025-04-01 01:50:22
162,43,GO,Cidade Ocidental,Centro ,Feminino,MPB,Bebo Socialmente,Sim,Sim,1x por semana,38,50,Não,Tanto Faz,Não,Vida simples com família,2025-04-01 01:58:11
165,23,GO,Goiânia,Parque das flores ,Masculino,Rock,Não Bebo,Não,Não,Diariamente,18,26,Sim,Tanto Faz,Sim,Equilíbrio material/espiritual,2025-04-01 02:03:34
167,46,GO,Goiânia,Urias Magalhães ,Feminino,Sertanejo,Não Bebo,Sim,Sim,Diariamente,35,50,Não,Tanto Faz,Não,Vida simples com família,2025-04-01 02:05:51
168,34,GO,Aparecida de Goiânia,Cidade Vera Cruz ,Feminino,MPB,Não Bebo,Sim,Sim,3x por semana,27,47,Não,Não,Não,Experiências e viagens,2025-04-01 02:06:31
171,32,GO,Trindade,Centro ,Feminino,Rock,Bebo Socialmente,Sim,Sim,1x por semana,35,42,Não,Não,Não,Vida simples com família,2025-04-01 02:07:21
172,50,GO,Goiânia,Jardim Atlântico ,Feminino,MPB,Bebo Socialmente,Sim,Sim,Diariamente,40,55,Não,Não,Não,Equilíbrio material/espiritual,2025-04-01 02:08:53
174,55,GO,Goiânia,Setor bela vists,Feminino,Pop,Bebo Socialmente,Sim,Sim,Diariamente,49,60,Não,Tanto Faz,Não,Experiências e viagens,2025-04-01 02:09:17
175,28,GO,Goiânia,Vila nova,Feminino,Sertanejo,Bebo Socialmente,Sim,Sim,Não gosto,20,35,Tanto Faz,Não,Tanto Faz,Experiências e viagens,2025-04-01 02:12:10
177,30,GO,Goiânia,Bairro da vitoria ,Feminino,Sertanejo,Bebo Socialmente,Não,Sim,3x por semana,30,45,Não,Não,Não,Experiências e viagens,2025-04-01 02:13:25
179,34,GO,Goiânia,Jd Goiás ,Feminino,Pagode,Bebo Socialmente,Não,Não,3x por semana,28,43,Tanto Faz,Tanto Faz,Tanto Faz,Equilíbrio material/espiritual,2025-04-01 02:15:31
180,53,GO,Goiânia,Alto da Glória ,Feminino,Pop,Não Bebo,Sim,Sim,3x por semana,45,60,Não,Não,Não,Equilíbrio material/espiritual,2025-04-01 02:16:09
181,64,GO,Itumbiara,Conjunto Santa Helena ,Feminino,Sertanejo,Bebo Socialmente,Sim,Sim,1x por semana,60,18,Não,Não,Não,Equilíbrio material/espiritual,2025-04-01 02:17:07
184,22,GO,Goiânia,Garavelo ,Feminino,Sertanejo,Bebo Socialmente,Não,Não,3x por semana,18,35,Sim,Não,Não,Experiências e viagens,2025-04-01 02:21:47
185,32,GO,Aparecida de Goiânia,Jd olímpico ,Feminino,MPB,Não Bebo,Sim,Sim,Diariamente,26,44,Tanto Faz,Sim,Tanto Faz,Vida simples com família,2025-04-01 02:22:05
186,45,GO,Goiânia,Center Ville ,Feminino,Rock,Bebo Socialmente,Sim,Sim,1x por semana,35,55,Não,Tanto Faz,Tanto Faz,Equilíbrio material/espiritual,2025-04-01 02:23:28
187,30,GO,Goiânia,Setor dos Funcionários ,Feminino,Sertanejo,Bebo Socialmente,Não,Não,3x por semana,29,37,Tanto Faz,Sim,Tanto Faz,Experiências e viagens,2025-04-01 02:25:15
189,27,GO,Goiânia,Parque Amazônia ,Feminino,Pop,Não Bebo,Não,Não,3x por semana,27,40,Sim,Sim,Sim,Vida simples com família,2025-04-01 02:27:11
190,27,GO,Goiânia,Centro Oeste,Feminino,Pagode,Bebo Socialmente,Não,Não,Diariamente,22,35,Tanto Faz,Tanto Faz,Tanto Faz,Vida simples com família,2025-04-01 02:28:04
193,32,GO,Itumbiara,Centro ,Feminino,Pagode,Bebo Socialmente,Sim,Não,Diariamente,18,40,Não,Não,Não,Vida simples com família,2025-04-01 02:29:54
195,36,GO,Goiânia,Não informado ,Feminino,Rock,Não Bebo,Sim,Não,Diariamente,26,44,Não,Não,Não,Experiências e viagens,2025-04-01 02:34:51
196,33,GO,Goiânia,Bueno ,Feminino,MPB,Bebo Socialmente,Não,Não,Diariamente,30,45,Não,Não,Não,Vida simples com família,2025-04-01 02:41:51
198,44,GO,Anápolis,Jundiaí ,Feminino,Pop,Bebo Socialmente,Não,Sim,3x por semana,40,60,Tanto Faz,Tanto Faz,Tanto Faz,Riqueza espiritual,2025-04-01 02:45:26
199,46,GO,Goiânia,St Universitario ,Feminino,Rock,Bebo Socialmente,Sim,Sim,1x por semana,40,50,Tanto Faz,Não,Não,Vida simples com família,2025-04-01 02:45:32
201,31,GO,Goiânia,Novo Horizonte ,Feminino,Sertanejo,Bebo Socialmente,Não,Não,Diariamente,28,40,Sim,Tanto Faz,Tanto Faz,Equilíbrio material/espiritual,2025-04-01 02:46:48
202,35,GO,Goiânia,Parque Amazônia ,Feminino,Rock,Bebo Socialmente,Sim,Sim,3x por semana,30,45,Não,Não,Não,Vida simples com família,2025-04-01 02:47:20
204,25,GO,Goiânia,Capuava,Feminino,Sertanejo,Bebo Socialmente,Não,Não,3x por semana,24,40,Tanto Faz,Não,Não,Experiências e viagens,2025-04-01 02:50:52
207,30,GO,Goiânia,Bela vista ,Feminino,Sertanejo,Bebo Socialmente,Não,Sim,Diariamente,30,49,Sim,Não,Não,Equilíbrio material/espiritual,2025-04-01 03:01:18
208,32,GO,Aparecida de Goiânia,Independência ,Feminino,Rock,Não Bebo,Sim,Sim,Diariamente,18,18,Não,Sim,Não,Vida simples com família,2025-04-01 03:02:49
213,28,GO,Goiânia,Cidade Jardim,Feminino,Sertanejo,Bebo Socialmente,Não,Não,Diariamente,28,34,Sim,Tanto Faz,Sim,Vida simples com família,2025-04-01 03:14:19
215,28,GO,Goiânia,Leste universitário ,Feminino,Rock,Bebo Socialmente,Não,Não,Diariamente,26,33,Tanto Faz,Não,Não,Equilíbrio material/espiritual,2025-04-01 03:19:39
218,30,GO,Aparecida de Goiânia,Residencial Cândido de Queiroz ,Feminino,Rock,Bebo Socialmente,Não,Não,3x por semana,29,40,Tanto Faz,Tanto Faz,Tanto Faz,Experiências e viagens,2025-04-01 03:31:07
219,32,GO,Goiânia,Sul,Feminino,Pagode,Nos Finais de Semana,Não,Não,3x por semana,28,40,Sim,Tanto Faz,Não,Experiências e viagens,2025-04-01 03:37:13
220,36,GO,Goiânia,Urias Magalhães ,Feminino,Sertanejo,Não Bebo,Não,Sim,Diariamente,30,45,Sim,Não,Não,Vida simples com família,2025-04-01 03:39:00
221,46,GO,Goiânia,Jardim america,Feminino,Rock,Bebo Socialmente,Sim,Sim,1x por semana,36,52,Tanto Faz,Tanto Faz,Tanto Faz,Riqueza espiritual,2025-04-01 03:43:47
222,28,GO,Goiânia,Vila Santa helena ,Feminino,Sertanejo,Bebo Socialmente,Sim,Sim,3x por semana,25,43,Não,Não,Não,Equilíbrio material/espiritual,2025-04-01 03:45:19
224,27,GO,Goiânia,Jardim America ,Feminino,Rock,Bebo Socialmente,Não,Não,Diariamente,25,45,Não,Não,Não,Experiências e viagens,2025-04-01 03:47:15
227,28,GO,Goiânia,Vereda dos Buritis,Masculino,Sertanejo,Bebo Socialmente,Não,Não,Diariamente,18,32,Sim,Não,Não,Equilíbrio material/espiritual,2025-04-01 04:10:15
230,19,GO,Goiânia,Vale dos sonhos ,Feminino,Rock,Bebo Socialmente,Não,Não,1x por semana,19,24,Não,Não,Não,Vida simples com família,2025-04-01 04:29:14
233,34,GO,Goiânia,Parque Atheneu ,Feminino,MPB,Bebo Socialmente,Sim,Sim,3x por semana,35,45,Não,Não,Não,Equilíbrio material/espiritual,2025-04-01 04:45:13
234,24,GO,Aparecida de Goiânia,Jardim Alto Paraíso,Feminino,Rock,Não Bebo,Não,Não,3x por semana,19,23,Sim,Sim,Sim,Equilíbrio material/espiritual,2025-04-01 04:49:37
235,42,GO,Goiânia,Sudoeste,Masculino,Rock,Bebo Socialmente,Não,Não,Diariamente,30,45,Tanto Faz,Tanto Faz,Tanto Faz,Experiências e viagens,2025-04-01 04:49:51
237,37,GO,Aparecida de Goiânia,Veiga JD ,Feminino,Rock,Não Bebo,Não,Não,Diariamente,25,50,Sim,Sim,Sim,Experiências e viagens,2025-04-01 07:32:37
238,24,GO,Goiânia,Alvorada,Feminino,Pop,Bebo Socialmente,Não,Não,3x por semana,26,50,Tanto Faz,Não,Não,Experiências e viagens,2025-04-01 07:36:30
239,33,GO,Aparecida de Goiânia,Independência Mansões ,Masculino,Rock,Bebo Socialmente,Sim,Sim,Diariamente,20,39,Não,Não,Não,Experiências e viagens,2025-04-01 07:40:42
240,48,GO,Goiânia,Atheneu ,Feminino,Sertanejo,Bebo Socialmente,Não,Não,3x por semana,40,55,Tanto Faz,Sim,Tanto Faz,Experiências e viagens,2025-04-01 08:18:02
241,29,GO,Goiânia,Vila nova ,Feminino,MPB,Bebo Socialmente,Não,Sim,Não gosto,18,59,Tanto Faz,Sim,Tanto Faz,Equilíbrio material/espiritual,2025-04-01 08:37:58
242,53,GO,Goiânia,São Francisco ,Feminino,MPB,Não Bebo,Sim,Sim,Diariamente,54,18,Não,Não,Não,Riqueza espiritual,2025-04-01 08:47:34
243,39,GO,Goiânia,Bueno ,Feminino,Rock,Nos Finais de Semana,Não,Sim,1x por semana,35,45,Não,Não,Não,Equilíbrio material/espiritual,2025-04-01 08:59:22
249,29,GO,Aparecida de Goiânia,Jardim Bela Vista,Masculino,Pagode,Não Bebo,Não,Não,Diariamente,24,32,Não,Sim,Não,Experiências e viagens,2025-04-01 09:30:46
250,29,GO,Aparecida de Goiânia,Jardim Bela Vista,Masculino,Pagode,Não Bebo,Não,Não,Diariamente,23,33,Não,Sim,Não,Experiências e viagens,2025-04-01 09:41:52
251,52,GO,Goiânia,St bela vista ,Feminino,Rock,Bebo Sempre,Não,Não,1x por semana,50,60,Não,Não,Não,Riqueza espiritual,2025-04-01 09:42:00
254,36,GO,Goiânia,Setor Central,Feminino,Pagode,Bebo Socialmente,Sim,Sim,3x por semana,37,48,Tanto Faz,Tanto Faz,Tanto Faz,Vida simples com família,2025-04-01 09:55:18
255,42,GO,Goianira,Pq das Camélia ,Feminino,Sertanejo,Nos Finais de Semana,Sim,Sim,1x por semana,40,60,Não,Não,Não,Riqueza espiritual,2025-04-01 09:57:15
256,43,GO,Goiânia,Vila Rosa ,Feminino,MPB,Não Bebo,Sim,Sim,1x por semana,40,53,Não,Sim,Não,Riqueza espiritual,2025-04-01 09:59:22
257,26,GO,Goiânia,Jardim Guanabara,Feminino,MPB,Não Bebo,Não,Sim,3x por semana,27,30,Sim,Sim,Não,Equilíbrio material/espiritual,2025-04-01 10:10:16
258,31,GO,Goiânia,Jd planalto,Feminino,Sertanejo,Não Bebo,Não,Não,1x por semana,32,43,Sim,Sim,Tanto Faz,Equilíbrio material/espiritual,2025-04-01 10:11:22
260,40,GO,Aparecida de Goiânia,Parque Flamboyant ,Feminino,Sertanejo,Não Bebo,Sim,Sim,Não gosto,40,46,Tanto Faz,Sim,Tanto Faz,Riqueza espiritual,2025-04-01 10:16:44
261,31,GO,Goiânia,Vila União ,Feminino,Sertanejo,Não Bebo,Sim,Não,1x por semana,31,40,Não,Sim,Não,Riqueza espiritual,2025-04-01 10:21:45
262,26,GO,Goiânia,Parque Amazônia ,Feminino,MPB,Bebo Socialmente,Não,Não,Diariamente,30,45,Tanto Faz,Não,Não,Equilíbrio material/espiritual,2025-04-01 10:25:21
263,28,GO,Goiânia,Bueno ,Feminino,Rock,Bebo Socialmente,Não,Sim,3x por semana,35,50,Não,Tanto Faz,Tanto Faz,Riqueza espiritual,2025-04-01 10:27:17
264,23,GO,Goiânia,Vila Brasília ,Masculino,Rock,Não Bebo,Não,Não,Diariamente,18,60,Tanto Faz,Não,Não,Experiências e viagens,2025-04-01 10:28:15
265,30,GO,Goiânia,Setor Negrão de Lima ,Feminino,Pop,Não Bebo,Não,Não,Diariamente,28,40,Sim,Não,Não,Experiências e viagens,2025-04-01 10:29:16
266,38,GO,Aparecida de Goiânia,Chácara são Pedro ,Feminino,Rock,Bebo Socialmente,Não,Não,Diariamente,35,50,Não,Não,Não,Riqueza espiritual,2025-04-01 10:36:04
267,38,GO,Goiânia,Progresso ,Feminino,Rock,Nos Finais de Semana,Não,Não,3x por semana,37,45,Tanto Faz,Tanto Faz,Tanto Faz,Experiências e viagens,2025-04-01 10:39:59
268,41,GO,Goiânia,São José ,Feminino,Sertanejo,Nos Finais de Semana,Sim,Sim,3x por semana,30,55,Sim,Não,Não,Vida simples com família,2025-04-01 10:50:26
269,30,GO,Goiânia,Negrão de Lima ,Feminino,Pop,Não Bebo,Não,Não,Diariamente,28,40,Sim,Não,Não,Experiências e viagens,2025-04-01 10:58:20
270,44,GO,Goiânia,Vila Rosa,Feminino,Rock,Nos Finais de Semana,Sim,Sim,Diariamente,36,56,Não,Não,Não,Vida simples com família,2025-04-01 11:03:04
272,30,GO,Goiânia,Jd. Guanabara ,Feminino,Pop,Não Bebo,Não,Sim,Diariamente,28,37,Tanto Faz,Tanto Faz,Não,Vida simples com família,2025-04-01 11:09:46
273,40,GO,Anápolis,VILA MIGUEL JORGE,Feminino,Rock,Não Bebo,Sim,Sim,Diariamente,26,42,Não,Não,Não,Riqueza espiritual,2025-04-01 11:19:03
274,35,GO,Goiânia,Balneário ,Feminino,MPB,Nos Finais de Semana,Não,Não,1x por semana,30,55,Não,Não,Não,Equilíbrio material/espiritual,2025-04-01 11:23:09
275,25,GO,Goiânia,Recanto do Bosque ,Feminino,Rock,Nos Finais de Semana,Não,Não,Diariamente,23,30,Sim,Não,Sim,Vida simples com família,2025-04-01 11:25:24
276,39,GO,Goiânia,Negrão de Lima ,Feminino,Rock,Bebo Socialmente,Sim,Sim,Diariamente,38,45,Não,Não,Não,Vida simples com família,2025-04-01 11:26:35
278,31,GO,Goiânia,Setor Bela Vista ,Feminino,Pagode,Bebo Socialmente,Não,Não,Diariamente,29,37,Não,Tanto Faz,Não,Vida simples com família,2025-04-01 11:29:44
280,33,GO,Goiânia,Jardim América ,Feminino,Sertanejo,Nos Finais de Semana,Sim,Sim,3x por semana,30,42,Não,Não,Não,Riqueza espiritual,2025-04-01 11:46:19
282,28,GO,Goiânia,Vila nova ,Feminino,MPB,Bebo Socialmente,Sim,Não,3x por semana,24,37,Não,Tanto Faz,Tanto Faz,Equilíbrio material/espiritual,2025-04-01 11:54:21
283,41,GO,Goiânia,Parque Amazônia ,Feminino,Sertanejo,Bebo Socialmente,Sim,Sim,3x por semana,40,45,Não,Não,Não,Vida simples com família,2025-04-01 12:08:02
284,31,GO,Goiânia,Leste universitário ,Feminino,MPB,Bebo Socialmente,Não,Não,3x por semana,27,35,Sim,Não,Não,Equilíbrio material/espiritual,2025-04-01 12:09:15
286,33,GO,Goiânia,Granville,Feminino,Pagode,Nos Finais de Semana,Não,Não,Diariamente,29,40,Tanto Faz,Tanto Faz,Tanto Faz,Experiências e viagens,2025-04-01 12:17:56
287,42,GO,Goiânia,Setor Sul,Feminino,Pop,Bebo Socialmente,Sim,Sim,3x por semana,42,48,Tanto Faz,Tanto Faz,Tanto Faz,Equilíbrio material/espiritual,2025-04-01 12:28:31
290,47,GO,Goiânia,Universitário ,Feminino,MPB,Não Bebo,Não,Não,Diariamente,44,53,Não,Sim,Não,Riqueza espiritual,2025-04-01 12:46:27
292,29,GO,Goiânia,Leste universitário ,Feminino,Pop,Bebo Socialmente,Não,Não,Não gosto,27,35,Tanto Faz,Não,Não,Experiências e viagens,2025-04-01 12:47:33
293,26,GO,Goiânia,Parque Amazônia ,Feminino,MPB,Bebo Socialmente,Não,Não,Diariamente,30,45,Tanto Faz,Não,Não,Equilíbrio material/espiritual,2025-04-01 12:49:18
294,33,GO,Goiânia,Leste universitário ,Masculino,Sertanejo,Nos Finais de Semana,Não,Não,Diariamente,25,34,Não,Não,Não,Vida simples com família,2025-04-01 12:49:26
295,35,GO,Goiânia,Bairro goiá,Feminino,Sertanejo,Bebo Socialmente,Sim,Sim,Diariamente,35,45,Não,Não,Não,Riqueza espiritual,2025-04-01 12:50:27
297,43,GO,Goiânia,Leste Vila Nova ,Feminino,Rock,Bebo Socialmente,Não,Não,1x por semana,30,55,Não,Não,Não,Vida simples com família,2025-04-01 13:02:51
299,31,GO,Goiânia,Esmeraldas ,Feminino,Sertanejo,Bebo Socialmente,Não,Não,Diariamente,30,41,Não,Não,Não,Equilíbrio material/espiritual,2025-04-01 13:08:09
300,22,GO,Goiânia,Goiania 2,Feminino,Sertanejo,Bebo Socialmente,Sim,Sim,Diariamente,22,35,Não,Não,Não,Vida simples com família,2025-04-01 13:18:27
302,52,GO,Goiânia,Faz. São Domingos.,Feminino,MPB,Bebo Socialmente,Sim,Sim,Diariamente,52,57,Não,Tanto Faz,Não,Equilíbrio material/espiritual,2025-04-01 13:24:57
304,35,GO,Goiânia,Jd América ,Feminino,Pagode,Não Bebo,Sim,Não,Diariamente,30,50,Tanto Faz,Tanto Faz,Tanto Faz,Vida simples com família,2025-04-01 13:30:04
306,34,GO,Goiânia,Vila Jaraguá ,Feminino,Rock,Não Bebo,Sim,Sim,Diariamente,25,60,Tanto Faz,Tanto Faz,Tanto Faz,Equilíbrio material/espiritual,2025-04-01 13:40:18
307,45,GO,Goiânia,Centro,Feminino,Sertanejo,Bebo Socialmente,Sim,Sim,1x por semana,30,45,Não,Não,Não,Experiências e viagens,2025-04-01 13:52:07
308,47,GO,Goiânia,Eldorado ,Feminino,Sertanejo,Nos Finais de Semana,Sim,Sim,1x por semana,37,55,Não,Tanto Faz,Tanto Faz,Experiências e viagens,2025-04-01 13:52:49
309,26,GO,Goiânia,Jardim helvécia ,Feminino,Sertanejo,Bebo Socialmente,Sim,Não,Diariamente,26,34,Não,Não,Não,Vida simples com família,2025-04-01 13:55:26
310,24,GO,Goiânia,Goiania 2,Feminino,Rock,Não Bebo,Não,Não,3x por semana,18,28,Sim,Sim,Sim,Experiências e viagens,2025-04-01 13:56:03
312,26,GO,Goiânia,Vera Cruz 2 ,Feminino,MPB,Bebo Sempre,Não,Não,Diariamente,18,50,Tanto Faz,Tanto Faz,Tanto Faz,Experiências e viagens,2025-04-01 14:05:54
313,52,GO,Goiânia,Alto da Glória ,Feminino,MPB,Bebo Socialmente,Sim,Não,1x por semana,44,52,Não,Não,Não,Vida simples com família,2025-04-01 14:06:03
315,42,GO,Inhumas,Centro ,Feminino,Rock,Bebo Socialmente,Sim,Sim,Diariamente,39,45,Não,Sim,Não,Equilíbrio material/espiritual,2025-04-01 14:10:29
316,36,GO,Valparaíso de Goiás,Cidade Jardins ,Feminino,Rock,Não Bebo,Sim,Sim,Diariamente,30,45,Não,Sim,Não,Vida simples com família,2025-04-01 14:11:25
317,31,GO,Goiânia,Parque Amazônia ,Feminino,MPB,Bebo Socialmente,Sim,Sim,Diariamente,30,42,Não,Não,Não,Vida simples com família,2025-04-01 14:11:51
319,25,GO,Aparecida de Goiânia,Nova olinda,Feminino,MPB,Bebo Socialmente,Sim,Não,Não gosto,25,60,Não,Não,Não,Riqueza espiritual,2025-04-01 14:29:21
320,30,GO,Goiânia,Região Noroeste,Feminino,MPB,Bebo Socialmente,Não,Sim,1x por semana,18,40,Tanto Faz,Tanto Faz,Tanto Faz,Equilíbrio material/espiritual,2025-04-01 14:29:26
322,34,GO,Goiânia,Bairro Goiá,Feminino,Rock,Não Bebo,Sim,Sim,3x por semana,35,45,Não,Sim,Não,Equilíbrio material/espiritual,2025-04-01 14:37:22
323,39,GO,Rio Verde,Girassóis ,Feminino,MPB,Bebo Socialmente,Sim,Sim,1x por semana,32,55,Tanto Faz,Tanto Faz,Tanto Faz,Riqueza espiritual,2025-04-01 14:40:26
324,45,GO,Goiânia,Marista,Feminino,MPB,Não Bebo,Sim,Sim,Diariamente,35,60,Não,Sim,Não,Riqueza espiritual,2025-04-01 14:48:41
326,45,GO,Goiânia,Itatiaia ,Feminino,MPB,Bebo Socialmente,Não,Sim,3x por semana,45,55,Tanto Faz,Tanto Faz,Tanto Faz,Experiências e viagens,2025-04-01 15:00:39
327,35,GO,Senador Canedo,Residencial paraíso ,Feminino,Pop,Não Bebo,Sim,Sim,1x por semana,23,36,Não,Tanto Faz,Não,Vida simples com família,2025-04-01 15:04:38
331,23,GO,Goiânia,Jardim liberdade ,Feminino,Sertanejo,Bebo Socialmente,Não,Não,3x por semana,23,28,Sim,Tanto Faz,Sim,Experiências e viagens,2025-04-01 15:21:49
332,40,GO,Aparecida de Goiânia,Buriti sereno ,Feminino,Pagode,Nos Finais de Semana,Sim,Não,Diariamente,27,40,Não,Não,Não,Vida simples com família,2025-04-01 15:22:33
334,61,GO,Trindade,Maysa,Feminino,MPB,Bebo Socialmente,Não,Não,Diariamente,50,60,Não,Não,Não,Equilíbrio material/espiritual,2025-04-01 15:26:40
335,60,GO,Goiânia,Crimeia Leste,Feminino,MPB,Não Bebo,Sim,Sim,1x por semana,55,60,Não,Tanto Faz,Não,Equilíbrio material/espiritual,2025-04-01 15:27:31
336,22,GO,Goiânia,Setor Sul ,Feminino,Sertanejo,Bebo Socialmente,Não,Não,1x por semana,23,50,Sim,Não,Sim,Vida simples com família,2025-04-01 15:28:59
338,37,GO,Goiânia,Parque Amazônia ,Feminino,Rock,Não Bebo,Não,Sim,Diariamente,30,39,Tanto Faz,Tanto Faz,Tanto Faz,Experiências e viagens,2025-04-01 15:33:55
339,34,GO,Goiânia,Jardim América ,Feminino,Sertanejo,Bebo Socialmente,Não,Não,Diariamente,28,45,Tanto Faz,Tanto Faz,Tanto Faz,Vida simples com família,2025-04-01 15:38:45
340,29,GO,Anápolis,Jaiara,Feminino,MPB,Bebo Socialmente,Não,Sim,Diariamente,24,40,Tanto Faz,Tanto Faz,Tanto Faz,Vida simples com família,2025-04-01 15:42:59
341,32,GO,Goiânia,Vera Cruz ,Feminino,Sertanejo,Bebo Socialmente,Sim,Sim,3x por semana,25,55,Não,Não,Não,Equilíbrio material/espiritual,2025-04-01 15:48:39
342,34,GO,Goiânia,Setor Pedro,Feminino,Sertanejo,Não Bebo,Não,Não,1x por semana,29,42,Sim,Sim,Sim,Equilíbrio material/espiritual,2025-04-01 15:51:05
344,36,GO,Goiânia,Leste universitário ,Feminino,Pagode,Nos Finais de Semana,Não,Sim,3x por semana,30,40,Tanto Faz,Tanto Faz,Tanto Faz,Experiências e viagens,2025-04-01 15:54:02
346,36,GO,Goiânia,Goiá ,Feminino,Rock,Bebo Socialmente,Sim,Sim,1x por semana,25,50,Não,Não,Não,Riqueza espiritual,2025-04-01 16:05:01
347,49,GO,Goiânia,Recanto do Bosque ,Feminino,Pop,Não Bebo,Sim,Sim,Não gosto,45,60,Não,Sim,Não,Equilíbrio material/espiritual,2025-04-01 16:06:16
349,38,GO,Goiânia,Pq Atheneu ,Feminino,Pagode,Não Bebo,Sim,Sim,3x por semana,35,47,Tanto Faz,Sim,Tanto Faz,Equilíbrio material/espiritual,2025-04-01 16:12:34
351,29,GO,Goiânia,Setor Centro,Feminino,Pagode,Bebo Socialmente,Não,Não,Diariamente,26,37,Sim,Tanto Faz,Tanto Faz,Experiências e viagens,2025-04-01 16:22:00
352,28,GO,Goiânia,Alto da Glória ,Masculino,Sertanejo,Bebo Socialmente,Não,Não,Diariamente,18,40,Tanto Faz,Não,Não,Experiências e viagens,2025-04-01 16:22:00
354,53,GO,Goiânia,Conjunto Caiçara,Feminino,Pop,Bebo Socialmente,Sim,Sim,3x por semana,45,60,Tanto Faz,Tanto Faz,Tanto Faz,Experiências e viagens,2025-04-01 16:28:04
357,43,GO,Goiânia,Jardim olímpico ,Feminino,MPB,Não Bebo,Não,Não,1x por semana,30,50,Tanto Faz,Sim,Não,Experiências e viagens,2025-04-01 16:47:40
358,23,GO,Goiânia,Setor Bueno ,Feminino,Sertanejo,Bebo Socialmente,Não,Não,Diariamente,25,40,Não,Não,Não,Vida simples com família,2025-04-01 16:52:12
359,30,GO,Aparecida de Goiânia,Vila mariana ,Feminino,Sertanejo,Não Bebo,Não,Não,Diariamente,24,49,Não,Não,Não,Experiências e viagens,2025-04-01 16:59:56
361,32,GO,Goiânia,Setor oeste,Feminino,Rock,Nos Finais de Semana,Não,Não,1x por semana,30,48,Tanto Faz,Tanto Faz,Tanto Faz,Equilíbrio material/espiritual,2025-04-01 17:23:32
362,31,GO,Goiânia,Negrão de Lima ,Feminino,Pagode,Nos Finais de Semana,Não,Não,Diariamente,28,40,Não,Não,Não,Experiências e viagens,2025-04-01 17:24:08
363,38,GO,Goiânia,Setor campinas ,Feminino,Sertanejo,Não Bebo,Sim,Não,3x por semana,38,42,Não,Tanto Faz,Não,Vida simples com família,2025-04-01 17:34:27
365,31,GO,Goiânia,Residencial Eldorado ,Feminino,Pagode,Bebo Socialmente,Não,Não,Diariamente,30,35,Sim,Não,Não,Vida simples com família,2025-04-01 17:41:20
367,47,GO,Aparecida de Goiânia,Independência ,Feminino,Sertanejo,Não Bebo,Sim,Não,Diariamente,37,57,Não,Não,Não,Experiências e viagens,2025-04-01 17:54:32
370,21,GO,Goianira,vila adilair ,Feminino,Sertanejo,Bebo Socialmente,Não,Não,Diariamente,22,35,Tanto Faz,Tanto Faz,Tanto Faz,Experiências e viagens,2025-04-01 18:08:38
371,34,GO,Goiânia,Setor leste universitário ,Feminino,Pagode,Nos Finais de Semana,Não,Não,3x por semana,29,45,Não,Não,Não,Riqueza espiritual,2025-04-01 18:09:21
372,27,GO,Goiânia,Jardim América ,Feminino,MPB,Não Bebo,Não,Não,Diariamente,28,38,Sim,Sim,Não,Vida simples com família,2025-04-01 18:13:21
373,49,GO,Goiânia,Jardim Fonte Nova,Feminino,Rock,Nos Finais de Semana,Sim,Sim,Diariamente,40,60,Não,Não,Não,Vida simples com família,2025-04-01 18:19:58
374,33,GO,Senador Canedo,Flor do ipê ,Feminino,Rock,Não Bebo,Sim,Sim,1x por semana,30,50,Sim,Sim,Não,Riqueza espiritual,2025-04-01 18:21:23
375,23,GO,Goiânia,Coimbra ,Masculino,Rock,Nos Finais de Semana,Não,Não,Diariamente,18,55,Não,Não,Não,Vida simples com família,2025-04-01 18:25:27
376,29,GO,Goiânia,Vila Alpes,Feminino,Pagode,Nos Finais de Semana,Não,Não,3x por semana,27,50,Não,Não,Não,Experiências e viagens,2025-04-01 18:40:16
378,27,GO,Abadiânia,Planalmira,Masculino,Rock,Não Bebo,Não,Não,3x por semana,18,37,Sim,Sim,Sim,Experiências e viagens,2025-04-01 18:50:56
379,38,GO,Goiânia,Negrão de lima ,Feminino,Pagode,Não Bebo,Não,Não,Diariamente,34,43,Tanto Faz,Tanto Faz,Tanto Faz,Riqueza espiritual,2025-04-01 18:59:47
380,32,GO,Goiânia,Santa Genoveva ,Masculino,Rock,Nos Finais de Semana,Não,Não,3x por semana,24,60,Tanto Faz,Tanto Faz,Tanto Faz,Experiências e viagens,2025-04-01 19:00:47
381,50,GO,Goiânia,Cidade Jardim ,Feminino,Rock,Não Bebo,Sim,Sim,3x por semana,40,55,Não,Não,Não,Experiências e viagens,2025-04-01 19:00:54
382,31,GO,Goiânia,Marista,Feminino,Rock,Não Bebo,Não,Sim,Não gosto,29,40,Sim,Tanto Faz,Tanto Faz,Riqueza espiritual,2025-04-01 19:09:02
386,37,GO,Goiânia,Parque Amazônia ,Masculino,Pop,Não Bebo,Não,Não,Diariamente,18,40,Sim,Sim,Tanto Faz,Experiências e viagens,2025-04-01 19:33:40
387,26,GO,Goiânia,Jardim América,Feminino,Sertanejo,Bebo Socialmente,Não,Não,Diariamente,27,35,Não,Não,Não,Experiências e viagens,2025-04-01 19:47:41
388,33,GO,Senador Canedo,Canedo 3,Feminino,Sertanejo,Nos Finais de Semana,Não,Sim,3x por semana,18,33,Tanto Faz,Não,Não,Vida simples com família,2025-04-01 19:49:39
390,18,GO,Aparecida de Goiânia,Papillon Park,Feminino,Sertanejo,Nos Finais de Semana,Sim,Sim,Diariamente,18,40,Não,Não,Não,Vida simples com família,2025-04-01 19:51:27
391,36,GO,Aparecida de Goiânia,Jardim Nova Era ,Feminino,Samba,Não Bebo,Não,Sim,1x por semana,33,40,Sim,Tanto Faz,Tanto Faz,Vida simples com família,2025-04-01 20:00:20
393,46,GO,Goiânia,Jardim América ,Feminino,Rock,Bebo Socialmente,Sim,Sim,1x por semana,36,50,Não,Não,Não,Equilíbrio material/espiritual,2025-04-01 20:27:40
401,48,GO,Goiânia,Sudoeste ,Feminino,MPB,Não Bebo,Sim,Sim,Diariamente,40,50,Não,Sim,Não,Equilíbrio material/espiritual,2025-04-01 21:30:00
402,31,GO,Goiânia,Garavelo,Feminino,Rock,Não Bebo,Não,Sim,3x por semana,28,40,Sim,Sim,Tanto Faz,Vida simples com família,2025-04-01 21:35:33
403,47,GO,Goiânia,Goiânia 2 ,Feminino,Pagode,Bebo Socialmente,Não,Sim,Diariamente,28,45,Tanto Faz,Não,Não,Vida simples com família,2025-04-01 21:37:06
405,35,GO,Goiânia,Jardim Guanabara ,Feminino,Sertanejo,Bebo Socialmente,Sim,Sim,Diariamente,30,37,Não,Sim,Sim,Riqueza espiritual,2025-04-01 21:57:54
406,32,GO,Uruaçu,Central,Feminino,Sertanejo,Não Bebo,Não,Não,3x por semana,28,40,Não,Não,Não,Vida simples com família,2025-04-01 22:06:14
407,34,GO,Goiânia,Setor Pedro ,Feminino,MPB,Não Bebo,Sim,Sim,Diariamente,33,43,Não,Tanto Faz,Tanto Faz,Equilíbrio material/espiritual,2025-04-01 22:06:23
408,24,GO,Goiânia,Jardim Goiás ,Feminino,Sertanejo,Bebo Socialmente,Não,Não,Diariamente,18,50,Não,Não,Não,Experiências e viagens,2025-04-01 22:22:13
410,53,GO,Goiânia,Jardim Nova Esperança ,Feminino,Sertanejo,Bebo Socialmente,Não,Sim,3x por semana,46,58,Tanto Faz,Não,Tanto Faz,Riqueza espiritual,2025-04-01 22:32:53
411,27,GO,Aparecida de Goiânia,Garavelo ,Feminino,Rock,Não Bebo,Não,Não,Diariamente,27,34,Sim,Tanto Faz,Tanto Faz,Equilíbrio material/espiritual,2025-04-01 22:41:49
414,39,GO,Goiânia,Vila Nova,Feminino,MPB,Bebo Socialmente,Sim,Sim,Diariamente,39,47,Sim,Sim,Sim,Vida simples com família,2025-04-01 22:53:23
418,32,GO,Goiânia,Campinas,Masculino,MPB,Não Bebo,Não,Não,1x por semana,21,32,Sim,Sim,Sim,Vida simples com família,2025-04-01 23:07:54
419,40,GO,Goianira,Centro,Masculino,Rock,Não Bebo,Não,Não,Diariamente,20,32,Sim,Não,Sim,Equilíbrio material/espiritual,2025-04-01 23:10:16
423,27,GO,Goiânia,Centro,Masculino,Sertanejo,Nos Finais de Semana,Não,Não,1x por semana,18,30,Não,Não,Não,Experiências e viagens,2025-04-01 23:23:47
428,45,GO,Catalão,Ipanema ,Feminino,Rock,Bebo Socialmente,Não,Sim,3x por semana,40,55,Tanto Faz,Tanto Faz,Tanto Faz,Vida simples com família,2025-04-02 00:01:29
429,35,GO,Goiânia,Barravento ,Feminino,Rock,Nos Finais de Semana,Não,Não,Diariamente,30,45,Sim,Não,Não,Riqueza espiritual,2025-04-02 00:04:28
430,33,GO,Goiânia,Eldorado,Masculino,Pagode,Bebo Socialmente,Não,Não,3x por semana,18,35,Sim,Tanto Faz,Tanto Faz,Vida simples com família,2025-04-02 00:17:41
431,39,GO,Goiânia,Parque das Laranjeiras ,Feminino,Sertanejo,Bebo Socialmente,Sim,Sim,Diariamente,30,49,Não,Não,Não,Equilíbrio material/espiritual,2025-04-02 00:20:36
434,32,GO,Goiânia,Jd colorado,Feminino,Rock,Bebo Socialmente,Não,Sim,Diariamente,28,39,Tanto Faz,Não,Não,Experiências e viagens,2025-04-02 00:54:11
439,35,GO,Goiânia,Centro,Feminino,Rock,Nos Finais de Semana,Não,Não,3x por semana,30,42,Sim,Não,Não,Equilíbrio material/espiritual,2025-04-02 02:44:46
447,34,GO,Goiânia,Setor Bela Vista ,Feminino,Rock,Bebo Socialmente,Não,Não,1x por semana,25,35,Sim,Não,Não,Experiências e viagens,2025-04-02 11:13:20
452,51,GO,Jataí,Residencial Brisas,Feminino,Sertanejo,Não Bebo,Sim,Sim,Diariamente,49,59,Não,Sim,Não,Equilíbrio material/espiritual,2025-04-02 13:13:59
457,37,GO,Goiânia,Parque das Laranjeiras,Masculino,Rock,Nos Finais de Semana,Sim,Sim,Diariamente,25,37,Não,Tanto Faz,Tanto Faz,Vida simples com família,2025-04-02 18:55:36
460,30,GO,Goiânia,Bueno,Feminino,Pagode,Nos Finais de Semana,Não,Não,1x por semana,38,55,Não,Não,Não,Riqueza espiritual,2025-04-02 22:10:14
461,29,GO,Goiânia,Setor leste vila nova ,Feminino,Rock,Bebo Socialmente,Não,Não,Diariamente,30,40,Não,Não,Não,Equilíbrio material/espiritual,2025-04-02 23:05:25
466,50,GO,Goiânia,Jardim Atlântico ,Feminino,MPB,Bebo Socialmente,Sim,Sim,Diariamente,40,56,Não,Não,Não,Equilíbrio material/espiritual,2025-04-03 08:23:04
10,23,GO,Goiânia,Tremendão ,Feminino,Rock,Não Bebo,Não,Sim,Diariamente,27,35,Sim,Tanto Faz,Tanto Faz,Equilíbrio material/espiritual,2025-03-31 22:50:46
45,19,GO,Trindade,Luzia Monteiro ,Feminino,Sertanejo,Bebo Socialmente,Não,Não,3x por semana,20,25,Não,Não,Sim,Experiências e viagens,2025-03-31 23:44:21
57,25,GO,Goiânia,Jardim mariliza ,Feminino,Rock,Não Bebo,Sim,Sim,Diariamente,27,35,Tanto Faz,Tanto Faz,Não,Vida simples com família,2025-03-31 23:51:19
73,24,GO,Padre Bernardo,T,Feminino,Sertanejo,Nos Finais de Semana,Sim,Sim,Diariamente,25,50,Tanto Faz,Tanto Faz,Tanto Faz,Vida glamourosa,2025-04-01 00:16:49
76,33,GO,Formosa,Centro,Feminino,Sertanejo,Nos Finais de Semana,Sim,Não,3x por semana,25,45,Tanto Faz,Tanto Faz,Tanto Faz,Vida simples com família,2025-04-01 00:18:55
93,34,GO,Goiânia,Bueno,Feminino,Sertanejo,Não Bebo,Não,Sim,3x por semana,28,40,Sim,Tanto Faz,Não,Vida simples com família,2025-04-01 00:41:47
97,27,GO,Anápolis,Jundiaí ,Feminino,Pop,Não Bebo,Não,Não,Não gosto,27,37,Sim,Tanto Faz,Sim,Equilíbrio material/espiritual,2025-04-01 00:45:26
98,35,GO,Goiânia,Parque Amazônia ,Feminino,Pagode,Bebo Socialmente,Sim,Sim,Diariamente,30,42,Não,Não,Não,Experiências e viagens,2025-04-01 00:45:38
102,26,GO,Goiânia,Jardim Balneário ,Feminino,Sertanejo,Bebo Socialmente,Não,Não,Diariamente,28,38,Sim,Não,Não,Vida simples com família,2025-04-01 00:51:18
106,33,GO,Goiânia,Negrão de Lima ,Feminino,MPB,Não Bebo,Sim,Sim,Diariamente,33,45,Não,Tanto Faz,Tanto Faz,Vida simples com família,2025-04-01 00:53:10
112,47,GO,Goiânia,Jardim Goiás ,Feminino,Rock,Não Bebo,Sim,Sim,3x por semana,40,57,Tanto Faz,Tanto Faz,Tanto Faz,Equilíbrio material/espiritual,2025-04-01 00:58:32
113,33,GO,Goiânia,JD. América,Feminino,Rock,Bebo Socialmente,Não,Não,Diariamente,25,53,Tanto Faz,Tanto Faz,Tanto Faz,Riqueza espiritual,2025-04-01 00:59:04
117,35,GO,Goiânia,Jardim Atlântico ,Feminino,Rock,Nos Finais de Semana,Sim,Não,Diariamente,29,42,Tanto Faz,Tanto Faz,Tanto Faz,Experiências e viagens,2025-04-01 01:01:43
